<?xml version="1.0" encoding="UTF-8"?>
<GenRun Id="impl_1" LaunchPart="xc7a100tcsg324-1" LaunchTime="1740731013">
  <File Type="ROUTE-BUS-SKEW" Name="prorityEncoderTop_bus_skew_routed.rpt"/>
  <File Type="PA-DCP" Name="prorityEncoderTop.dcp"/>
  <File Type="OPT-HWDEF" Name="prorityEncoderTop.hwdef"/>
  <File Type="ROUTE-PWR" Name="prorityEncoderTop_power_routed.rpt"/>
  <File Type="PA-TCL" Name="prorityEncoderTop.tcl"/>
  <File Type="BITSTR-BMM" Name="prorityEncoderTop_bd.bmm"/>
  <File Type="OPT-DCP" Name="prorityEncoderTop_opt.dcp"/>
  <File Type="REPORTS-TCL" Name="prorityEncoderTop_reports.tcl"/>
  <File Type="ROUTE-PWR-SUM" Name="prorityEncoderTop_power_summary_routed.pb"/>
  <File Type="OPT-DRC" Name="prorityEncoderTop_drc_opted.rpt"/>
  <File Type="PWROPT-DCP" Name="prorityEncoderTop_pwropt.dcp"/>
  <File Type="PLACE-DCP" Name="prorityEncoderTop_placed.dcp"/>
  <File Type="PLACE-IO" Name="prorityEncoderTop_io_placed.rpt"/>
  <File Type="PLACE-UTIL" Name="prorityEncoderTop_utilization_placed.rpt"/>
  <File Type="PLACE-UTIL-PB" Name="prorityEncoderTop_utilization_placed.pb"/>
  <File Type="PLACE-CTRL" Name="prorityEncoderTop_control_sets_placed.rpt"/>
  <File Type="PLACE-PRE-SIMILARITY" Name="prorityEncoderTop_incremental_reuse_pre_placed.rpt"/>
  <File Type="POSTPLACE-PWROPT-DCP" Name="prorityEncoderTop_postplace_pwropt.dcp"/>
  <File Type="BG-BIN" Name="prorityEncoderTop.bin"/>
  <File Type="PHYSOPT-DCP" Name="prorityEncoderTop_physopt.dcp"/>
  <File Type="BITSTR-MSK" Name="prorityEncoderTop.msk"/>
  <File Type="ROUTE-ERROR-DCP" Name="prorityEncoderTop_routed_error.dcp"/>
  <File Type="ROUTE-DCP" Name="prorityEncoderTop_routed.dcp"/>
  <File Type="ROUTE-BLACKBOX-DCP" Name="prorityEncoderTop_routed_bb.dcp"/>
  <File Type="ROUTE-DRC" Name="prorityEncoderTop_drc_routed.rpt"/>
  <File Type="ROUTE-DRC-PB" Name="prorityEncoderTop_drc_routed.pb"/>
  <File Type="ROUTE-DRC-RPX" Name="prorityEncoderTop_drc_routed.rpx"/>
  <File Type="BITSTR-LTX" Name="prorityEncoderTop.ltx"/>
  <File Type="ROUTE-METHODOLOGY-DRC" Name="prorityEncoderTop_methodology_drc_routed.rpt"/>
  <File Type="BITSTR-MMI" Name="prorityEncoderTop.mmi"/>
  <File Type="ROUTE-METHODOLOGY-DRC-RPX" Name="prorityEncoderTop_methodology_drc_routed.rpx"/>
  <File Type="ROUTE-METHODOLOGY-DRC-PB" Name="prorityEncoderTop_methodology_drc_routed.pb"/>
  <File Type="BITSTR-SYSDEF" Name="prorityEncoderTop.sysdef"/>
  <File Type="ROUTE-PWR-RPX" Name="prorityEncoderTop_power_routed.rpx"/>
  <File Type="ROUTE-STATUS" Name="prorityEncoderTop_route_status.rpt"/>
  <File Type="ROUTE-STATUS-PB" Name="prorityEncoderTop_route_status.pb"/>
  <File Type="ROUTE-TIMINGSUMMARY" Name="prorityEncoderTop_timing_summary_routed.rpt"/>
  <File Type="ROUTE-TIMING-PB" Name="prorityEncoderTop_timing_summary_routed.pb"/>
  <File Type="ROUTE-TIMING-RPX" Name="prorityEncoderTop_timing_summary_routed.rpx"/>
  <File Type="ROUTE-CLK" Name="prorityEncoderTop_clock_utilization_routed.rpt"/>
  <File Type="ROUTE-BUS-SKEW-PB" Name="prorityEncoderTop_bus_skew_routed.pb"/>
  <File Type="ROUTE-BUS-SKEW-RPX" Name="prorityEncoderTop_bus_skew_routed.rpx"/>
  <File Type="POSTROUTE-PHYSOPT-DCP" Name="prorityEncoderTop_postroute_physopt.dcp"/>
  <File Type="POSTROUTE-PHYSOPT-BLACKBOX-DCP" Name="prorityEncoderTop_postroute_physopt_bb.dcp"/>
  <File Type="BG-BIT" Name="prorityEncoderTop.bit"/>
  <File Type="BITSTR-RBT" Name="prorityEncoderTop.rbt"/>
  <File Type="BITSTR-NKY" Name="prorityEncoderTop.nky"/>
  <File Type="BG-BGN" Name="prorityEncoderTop.bgn"/>
  <File Type="BG-DRC" Name="prorityEncoderTop.drc"/>
  <File Type="RDI-RDI" Name="prorityEncoderTop.vdi"/>
  <File Type="WBT-USG" Name="usage_statistics_webtalk.html"/>
  <FileSet Name="sources" Type="DesignSrcs" RelSrcDir="$PSRCDIR/sources_1">
    <Filter Type="Srcs"/>
    <File Path="$PPRDIR/encoder.v">
      <FileInfo>
        <Attr Name="UsedIn" Val="synthesis"/>
        <Attr Name="UsedIn" Val="implementation"/>
        <Attr Name="UsedIn" Val="simulation"/>
      </FileInfo>
    </File>
    <Config>
      <Option Name="DesignMode" Val="RTL"/>
      <Option Name="TopModule" Val="prorityEncoderTop"/>
      <Option Name="TopAutoSet" Val="TRUE"/>
    </Config>
  </FileSet>
  <FileSet Name="constrs_in" Type="Constrs" RelSrcDir="$PSRCDIR/constrs_1">
    <Filter Type="Constrs"/>
    <File Path="$PSRCDIR/constrs_1/new/const.xdc">
      <FileInfo>
        <Attr Name="UsedIn" Val="synthesis"/>
        <Attr Name="UsedIn" Val="implementation"/>
      </FileInfo>
    </File>
    <Config>
      <Option Name="ConstrsType" Val="XDC"/>
    </Config>
  </FileSet>
  <FileSet Name="utils" Type="Utils" RelSrcDir="$PSRCDIR/utils_1">
    <Filter Type="Utils"/>
    <Config>
      <Option Name="TopAutoSet" Val="TRUE"/>
    </Config>
  </FileSet>
  <Strategy Version="1" Minor="2">
    <StratHandle Name="Vivado Implementation Defaults" Flow="Vivado Implementation 2019"/>
    <Step Id="init_design"/>
    <Step Id="opt_design"/>
    <Step Id="power_opt_design"/>
    <Step Id="place_design"/>
    <Step Id="post_place_power_opt_design"/>
    <Step Id="phys_opt_design"/>
    <Step Id="route_design"/>
    <Step Id="post_route_phys_opt_design"/>
    <Step Id="write_bitstream"/>
  </Strategy>
</GenRun>
