<?xml version="1.0" encoding="UTF-8"?>
<GenRun Id="impl_1" LaunchPart="xc7a100tcsg324-1" LaunchTime="1740644397">
  <File Type="OPT-HWDEF" Name="bcdtoBinary2DigitsTopMod.hwdef"/>
  <File Type="ROUTE-BUS-SKEW" Name="bcdtoBinary2DigitsTopMod_bus_skew_routed.rpt"/>
  <File Type="PA-DCP" Name="bcdtoBinary2DigitsTopMod.dcp"/>
  <File Type="BITSTR-BMM" Name="bcdtoBinary2DigitsTopMod_bd.bmm"/>
  <File Type="OPT-METHODOLOGY-DRC" Name="bcdtoBinary2DigitsTopMod_methodology_drc_opted.rpt"/>
  <File Type="INIT-TIMING" Name="bcdtoBinary2DigitsTopMod_timing_summary_init.rpt"/>
  <File Type="ROUTE-PWR" Name="bcdtoBinary2DigitsTopMod_power_routed.rpt"/>
  <File Type="PA-TCL" Name="bcdtoBinary2DigitsTopMod.tcl"/>
  <File Type="OPT-TIMING" Name="bcdtoBinary2DigitsTopMod_timing_summary_opted.rpt"/>
  <File Type="OPT-DCP" Name="bcdtoBinary2DigitsTopMod_opt.dcp"/>
  <File Type="ROUTE-PWR-SUM" Name="bcdtoBinary2DigitsTopMod_power_summary_routed.pb"/>
  <File Type="REPORTS-TCL" Name="bcdtoBinary2DigitsTopMod_reports.tcl"/>
  <File Type="OPT-DRC" Name="bcdtoBinary2DigitsTopMod_drc_opted.rpt"/>
  <File Type="PWROPT-DCP" Name="bcdtoBinary2DigitsTopMod_pwropt.dcp"/>
  <File Type="PWROPT-DRC" Name="bcdtoBinary2DigitsTopMod_drc_pwropted.rpt"/>
  <File Type="PWROPT-TIMING" Name="bcdtoBinary2DigitsTopMod_timing_summary_pwropted.rpt"/>
  <File Type="PLACE-DCP" Name="bcdtoBinary2DigitsTopMod_placed.dcp"/>
  <File Type="PLACE-IO" Name="bcdtoBinary2DigitsTopMod_io_placed.rpt"/>
  <File Type="PLACE-CLK" Name="bcdtoBinary2DigitsTopMod_clock_utilization_placed.rpt"/>
  <File Type="PLACE-UTIL" Name="bcdtoBinary2DigitsTopMod_utilization_placed.rpt"/>
  <File Type="PLACE-UTIL-PB" Name="bcdtoBinary2DigitsTopMod_utilization_placed.pb"/>
  <File Type="PLACE-CTRL" Name="bcdtoBinary2DigitsTopMod_control_sets_placed.rpt"/>
  <File Type="PLACE-SIMILARITY" Name="bcdtoBinary2DigitsTopMod_incremental_reuse_placed.rpt"/>
  <File Type="PLACE-PRE-SIMILARITY" Name="bcdtoBinary2DigitsTopMod_incremental_reuse_pre_placed.rpt"/>
  <File Type="PLACE-TIMING" Name="bcdtoBinary2DigitsTopMod_timing_summary_placed.rpt"/>
  <File Type="POSTPLACE-PWROPT-DCP" Name="bcdtoBinary2DigitsTopMod_postplace_pwropt.dcp"/>
  <File Type="BG-BIN" Name="bcdtoBinary2DigitsTopMod.bin"/>
  <File Type="POSTPLACE-PWROPT-TIMING" Name="bcdtoBinary2DigitsTopMod_timing_summary_postplace_pwropted.rpt"/>
  <File Type="PHYSOPT-DCP" Name="bcdtoBinary2DigitsTopMod_physopt.dcp"/>
  <File Type="PHYSOPT-DRC" Name="bcdtoBinary2DigitsTopMod_drc_physopted.rpt"/>
  <File Type="BITSTR-MSK" Name="bcdtoBinary2DigitsTopMod.msk"/>
  <File Type="PHYSOPT-TIMING" Name="bcdtoBinary2DigitsTopMod_timing_summary_physopted.rpt"/>
  <File Type="ROUTE-ERROR-DCP" Name="bcdtoBinary2DigitsTopMod_routed_error.dcp"/>
  <File Type="ROUTE-DCP" Name="bcdtoBinary2DigitsTopMod_routed.dcp"/>
  <File Type="ROUTE-BLACKBOX-DCP" Name="bcdtoBinary2DigitsTopMod_routed_bb.dcp"/>
  <File Type="ROUTE-DRC" Name="bcdtoBinary2DigitsTopMod_drc_routed.rpt"/>
  <File Type="ROUTE-DRC-PB" Name="bcdtoBinary2DigitsTopMod_drc_routed.pb"/>
  <File Type="BITSTR-LTX" Name="debug_nets.ltx"/>
  <File Type="BITSTR-LTX" Name="bcdtoBinary2DigitsTopMod.ltx"/>
  <File Type="ROUTE-DRC-RPX" Name="bcdtoBinary2DigitsTopMod_drc_routed.rpx"/>
  <File Type="BITSTR-MMI" Name="bcdtoBinary2DigitsTopMod.mmi"/>
  <File Type="ROUTE-METHODOLOGY-DRC" Name="bcdtoBinary2DigitsTopMod_methodology_drc_routed.rpt"/>
  <File Type="ROUTE-METHODOLOGY-DRC-RPX" Name="bcdtoBinary2DigitsTopMod_methodology_drc_routed.rpx"/>
  <File Type="BITSTR-SYSDEF" Name="bcdtoBinary2DigitsTopMod.sysdef"/>
  <File Type="ROUTE-METHODOLOGY-DRC-PB" Name="bcdtoBinary2DigitsTopMod_methodology_drc_routed.pb"/>
  <File Type="ROUTE-PWR-RPX" Name="bcdtoBinary2DigitsTopMod_power_routed.rpx"/>
  <File Type="ROUTE-STATUS" Name="bcdtoBinary2DigitsTopMod_route_status.rpt"/>
  <File Type="ROUTE-STATUS-PB" Name="bcdtoBinary2DigitsTopMod_route_status.pb"/>
  <File Type="ROUTE-TIMINGSUMMARY" Name="bcdtoBinary2DigitsTopMod_timing_summary_routed.rpt"/>
  <File Type="ROUTE-TIMING-PB" Name="bcdtoBinary2DigitsTopMod_timing_summary_routed.pb"/>
  <File Type="ROUTE-TIMING-RPX" Name="bcdtoBinary2DigitsTopMod_timing_summary_routed.rpx"/>
  <File Type="ROUTE-SIMILARITY" Name="bcdtoBinary2DigitsTopMod_incremental_reuse_routed.rpt"/>
  <File Type="ROUTE-CLK" Name="bcdtoBinary2DigitsTopMod_clock_utilization_routed.rpt"/>
  <File Type="ROUTE-BUS-SKEW-PB" Name="bcdtoBinary2DigitsTopMod_bus_skew_routed.pb"/>
  <File Type="ROUTE-BUS-SKEW-RPX" Name="bcdtoBinary2DigitsTopMod_bus_skew_routed.rpx"/>
  <File Type="POSTROUTE-PHYSOPT-DCP" Name="bcdtoBinary2DigitsTopMod_postroute_physopt.dcp"/>
  <File Type="POSTROUTE-PHYSOPT-BLACKBOX-DCP" Name="bcdtoBinary2DigitsTopMod_postroute_physopt_bb.dcp"/>
  <File Type="POSTROUTE-PHYSOPT-TIMING" Name="bcdtoBinary2DigitsTopMod_timing_summary_postroute_physopted.rpt"/>
  <File Type="POSTROUTE-PHYSOPT-TIMING-PB" Name="bcdtoBinary2DigitsTopMod_timing_summary_postroute_physopted.pb"/>
  <File Type="POSTROUTE-PHYSOPT-TIMING-RPX" Name="bcdtoBinary2DigitsTopMod_timing_summary_postroute_physopted.rpx"/>
  <File Type="POSTROUTE-PHYSOPT-BUS-SKEW" Name="bcdtoBinary2DigitsTopMod_bus_skew_postroute_physopted.rpt"/>
  <File Type="POSTROUTE-PHYSOPT-BUS-SKEW-PB" Name="bcdtoBinary2DigitsTopMod_bus_skew_postroute_physopted.pb"/>
  <File Type="BG-BIT" Name="bcdtoBinary2DigitsTopMod.bit"/>
  <File Type="POSTROUTE-PHYSOPT-BUS-SKEW-RPX" Name="bcdtoBinary2DigitsTopMod_bus_skew_postroute_physopted.rpx"/>
  <File Type="BITSTR-RBT" Name="bcdtoBinary2DigitsTopMod.rbt"/>
  <File Type="BITSTR-NKY" Name="bcdtoBinary2DigitsTopMod.nky"/>
  <File Type="BG-BGN" Name="bcdtoBinary2DigitsTopMod.bgn"/>
  <File Type="BG-DRC" Name="bcdtoBinary2DigitsTopMod.drc"/>
  <File Type="RDI-RDI" Name="bcdtoBinary2DigitsTopMod.vdi"/>
  <File Type="WBT-USG" Name="usage_statistics_webtalk.html"/>
  <FileSet Name="sources" Type="DesignSrcs" RelSrcDir="$PSRCDIR/sources_1">
    <Filter Type="Srcs"/>
    <File Path="$PPRDIR/../CA1/CA.v">
      <FileInfo>
        <Attr Name="UsedIn" Val="synthesis"/>
        <Attr Name="UsedIn" Val="implementation"/>
        <Attr Name="UsedIn" Val="simulation"/>
      </FileInfo>
    </File>
    <Config>
      <Option Name="DesignMode" Val="RTL"/>
      <Option Name="TopModule" Val="bcdtoBinary2DigitsTopMod"/>
    </Config>
  </FileSet>
  <FileSet Name="constrs_in" Type="Constrs" RelSrcDir="$PSRCDIR/constrs_1">
    <Filter Type="Constrs"/>
    <File Path="$PSRCDIR/constrs_1/new/bcdtoBinary2DigitsTop.xdc">
      <FileInfo>
        <Attr Name="UsedIn" Val="synthesis"/>
        <Attr Name="UsedIn" Val="implementation"/>
      </FileInfo>
    </File>
    <Config>
      <Option Name="ConstrsType" Val="XDC"/>
    </Config>
  </FileSet>
  <FileSet Name="utils" Type="Utils" RelSrcDir="$PSRCDIR/utils_1">
    <Filter Type="Utils"/>
    <Config>
      <Option Name="TopAutoSet" Val="TRUE"/>
    </Config>
  </FileSet>
  <Strategy Version="1" Minor="2">
    <StratHandle Name="Vivado Implementation Defaults" Flow="Vivado Implementation 2019">
      <Desc>Default settings for Implementation.</Desc>
    </StratHandle>
    <Step Id="init_design"/>
    <Step Id="opt_design"/>
    <Step Id="power_opt_design"/>
    <Step Id="place_design"/>
    <Step Id="post_place_power_opt_design"/>
    <Step Id="phys_opt_design"/>
    <Step Id="route_design"/>
    <Step Id="post_route_phys_opt_design"/>
    <Step Id="write_bitstream"/>
  </Strategy>
</GenRun>
